id,name
0,Royal Enfield Bullet Electra Twinspark
1,Royal Enfield Thunderbird 350
2,Royal Enfield Bullet 350
3,KTM Duke 200
4,Yamaha YZF R15 Version 2.0
5,Yamaha YZF R15 Version 2.0
6,Hero Honda Passion Plus
7,Yamaha YZF R15 Version 2.0
8,Honda CBR 250R Standard
9,Bajaj Pulsar 180cc Dtsi
10,Yamaha Gladiator Ss
11,Suzuki Gs150r
12,Honda CBR 250R Standard
13,Yamaha RXZ STD
14,Bajaj Pulsar 135
15,KTM Duke 200
16,Bajaj Caliber 115
17,Bajaj Pulsar 150cc Dtsi
18,Bajaj Pulsar 150cc Dtsi
19,Bajaj Platina 100 Alloy Wheel KS
20,Bajaj Pulsar 135
21,Bajaj Pulsar 220F Dtsi
22,Bajaj Pulsar 180cc Dtsi
23,Bajaj Pulsar 150cc Dtsi
24,Bajaj Pulsar 150cc Dtsi
25,Bajaj Avenger 180
26,Bajaj Pulsar 135
27,Bajaj Pulsar 200 SS
28,Bajaj Pulsar 150cc Dtsi
29,Bajaj Caliber 115
30,Hero Honda Karizma Zmr Pgm Fi
31,Hero Honda Passion Plus
32,Hero Honda Splendor Plus
33,Hero MotoCorp Passion Pro Self Drum Alloy
34,Hero Honda CBZ Disc
35,Hero Honda Cbz Xtreme Self Start
36,Hero Honda Glamour
37,Hero Honda Splendor Pro
38,Hero Honda Karizma Zmr Pgm Fi
39,Hero Honda Cbz Xtreme Self Start
40,Hero Motocorp Passion Xpro Disc Self Cast
41,Hero Honda Splendor Plus
42,Hero Honda Splendor Pro
43,Hero Motocorp Ignitor 125 Disc
44,Honda Unicorn Spoke
45,Royal Enfield Bullet Electra Twinspark
46,Royal Enfield Classic 350
47,Royal Enfield Classic 500
48,Royal Enfield Thunderbird 350
49,Royal Enfield Classic Chrome
50,TVS Apache RTR 160
51,TVS Star City Spoke
52,Hero Honda Karizma Zmr Pgm Fi
53,Yamaha FZ S
54,Mahindra Centuro NXT
55,Yamaha FZ S
56,Yamaha FZ FI Version 2.0
57,Yamaha YZF R15 Version 2.0
58,Yamaha Fazer Sport
59,Yamaha YZF R15
60,Yamaha YZF R15 Version 2.0
61,Yamaha FZ FI Version 2.0
62,Bajaj Pulsar 180cc Dtsi
63,Bajaj Pulsar 180cc Dtsi
64,Bajaj Pulsar 150cc Dtsi
65,Bajaj Caliber 115
66,Bajaj Pulsar 150cc Dtsi
67,Bajaj Pulsar 180cc Dtsi
68,Bajaj Pulsar 150cc Dtsi
69,Bajaj Discover 125 STD
70,Bajaj Pulsar 150cc Dtsi
71,Bajaj Discover 150 F Standard
72,Bajaj Pulsar 150cc Dtsi
73,Bajaj Pulsar 150cc Dtsi
74,Bajaj Discover 125 STD
75,Bajaj Avenger 220
76,Bajaj Avenger 220
77,Bajaj Discover 125 M Drum
78,Bajaj Pulsar 150cc Dtsi
79,Bajaj Avenger 220
80,Bajaj Avenger 220
81,Bajaj Pulsar 135
82,Bajaj Pulsar 135
83,Hero Honda Passion Plus
84,Hero Honda Splendor Pro
85,Hero Honda Splendor Super
86,Hero Honda Splendor Plus
87,Hero Honda Hunk
88,Hero Motocorp Ignitor 125 Disc
89,Hero Honda Karizma Zmr Pgm Fi
90,Hero Honda Splendor Pro
91,Honda Unicorn Spoke
92,Honda Unicorn Alloy
93,Hero Motocorp Passion Xpro Disc Self Cast
94,Honda Unicorn Alloy
95,Honda CBR 250R Standard
96,Suzuki Zeus 125xcd
97,Suzuki Shogun STD
98,Suzuki Fiero STD
99,Suzuki Fiero STD
100,Suzuki Gixxer SF Standard
101,Mahindra Centuro NXT
102,Royal Enfield Bullet 350
103,Royal Enfield Bullet Classic 350
104,Royal Enfield Thunderbird 350
105,Royal Enfield Classic 350
106,Royal Enfield Bullet 350
107,TVS Victor 2015
108,Tvs Star City
109,TVS Victor 110
110,TVS Apache RTR 160
111,TVS Apache RTR 180
112,TVS Victor 2015
113,Yamaha FZ S
114,Yamaha Fazer Fi Version 2.0
115,Yamaha RX 135 STD
116,Yamaha RX 135 STD
117,Yamaha FZ16
118,Yamaha Gladiator Ss
119,Yamaha RXZ STD
120,Bajaj Pulsar 150cc Dtsi
121,Bajaj Pulsar 135
122,Bajaj Pulsar 200 NS
123,Bajaj Pulsar 200 NS
124,Bajaj Pulsar 150cc Dtsi
125,Bajaj Pulsar 220F Dtsi
126,Hero Honda Karizma Zmr Pgm Fi
127,Hero Honda Passion Plus
128,Hero Honda CBZ Disc
129,Honda Shine CBS
130,Hero Honda Splendor Plus
131,Hero Honda Cbz Xtreme Self Start
132,Hero Honda Karizma R
133,Honda CB Unicorn 160 Standard
134,Honda Unicorn Alloy
135,Honda Unicorn Alloy
136,Honda CB Twister Self Drum Alloy
137,Bajaj Pulsar 180cc Dtsi
138,Bajaj Pulsar 150cc Dtsi
139,Bajaj Discover 125 STD
140,Honda CBR 250R Standard
141,Suzuki Access 125cc
142,Hero Honda Karizma Zmr Pgm Fi
143,Yamaha RX 100 STD
144,Honda CB Dazzler Sports
145,Honda Unicorn Alloy
146,Honda Unicorn Alloy
147,Bajaj Discover 100
148,Yamaha RX 100 STD
149,Suzuki Zeus 125DU
150,Suzuki Fiero STD
151,Bajaj Discover 150 S Disc
152,Bajaj Pulsar 220F Dtsi
153,Bajaj Pulsar 220F Dtsi
154,Bajaj Pulsar 180cc Dtsi
155,Bajaj Pulsar 150cc Dtsi
156,Bajaj Pulsar 135
157,Hero Motocorp Ignitor 125 Drum
158,Royal Enfield Thunderbird 500
159,Yamaha FZ S
160,Bajaj Pulsar 150cc Dtsi
161,Bajaj Pulsar 150cc Dtsi
162,Honda Unicorn Alloy
163,Bajaj Pulsar 150cc Dtsi
164,Hero Honda Splendor Plus
165,Bajaj Avenger 220
166,Royal Enfield Bullet 350
167,Hero Honda Passion Pro
168,Royal Enfield Bullet 350 Twinspark
169,Bajaj Pulsar 150cc Dtsi
170,Honda Activa 3G DLX
171,Hero Honda Passion Pro
172,Bajaj Discover 135cc Dtsi
173,Bajaj Pulsar 150cc Dtsi
174,TVS Apache RTR 160
175,Yamaha FZ S
176,Bajaj Pulsar 150cc Dtsi
177,Hero Honda Ambition Drum Kick
178,Yamaha SZ RR
179,Honda Shine Self Drum Alloy
180,Honda Shine Self Disc Alloy
181,Bajaj Pulsar 220F Dtsi
182,Honda Activa
183,Royal Enfield Classic 500
184,Royal Enfield Bullet 350 Twinspark
185,Suzuki Fiero STD
186,Royal Enfield Classic 500
187,Royal Enfield Machismo 350
188,TVS Apache RTR 160
189,TVS Apache RTR 160
190,Yamaha SZ RR
191,Yamaha YZF R15 Version 2.0
192,Yamaha RX 135 STD
193,Yamaha YZF R15 Version 2.0
194,Yamaha FZ16
195,Yamaha YZF R15 Version 2.0
196,Yamaha RX 100 STD
197,Yamaha Fazer Sport
198,Bajaj Pulsar 150cc Dtsi
199,Bajaj Pulsar 200 NS
200,Bajaj Pulsar 220F Dtsi
201,Bajaj Pulsar 200 NS
202,Bajaj Pulsar 180cc Dtsi
203,KTM Duke 200
204,Bajaj Pulsar 150cc Dtsi
205,KTM Duke 390
206,Bajaj Pulsar 180cc Dtsi
207,Bajaj Pulsar 150cc Dtsi
208,Bajaj Pulsar 150cc Dtsi
209,Bajaj Pulsar 180cc Dtsi
210,Hero Honda Cbz Xtreme Self Start
211,Hero Honda Glamour
212,Hero Honda Splendor Plus
213,Hero Honda CBZ Disc
214,Hero Honda Karizma Zmr Pgm Fi
215,Honda Unicorn Alloy
216,Honda CB Twister Self Disc Alloy
217,Honda Unicorn Alloy
218,Honda Unicorn Alloy
219,Kawasaki Eliminator 175
220,Royal Enfield Thunderbird 350
221,Bajaj Caliber 115
222,Royal Enfield Bullet Electra Twinspark
223,Royal Enfield Classic 350
224,Royal Enfield Bullet Electra
225,TVS Star City Spoke
226,TVS Star City Plus Electric Start Mag
227,Hero Honda Karizma Zmr Pgm Fi
228,Yamaha FZ16
229,Tvs Victor 125
230,Hero Honda Glamour
231,Hero Honda Hunk
232,Hero Honda Passion Pro
233,Hero Honda Glamour
234,Hero Honda Passion Plus
235,Hero Honda Splendor Super
236,Hero Honda Splendor Plus
237,Honda Unicorn Alloy
238,Royal Enfield Classic 500
239,Royal Enfield Bullet Electra Twinspark
240,Royal Enfield Bullet Electra
241,Royal Enfield Bullet 350
242,Royal Enfield Bullet 350 Twinspark
243,Royal Enfield Bullet 350
244,TVS Flame SR 125
245,Yamaha FZ S
246,TVS Apache RTR 160
247,Yamaha Fazer Sport
248,Yamaha YZF R15
249,Yamaha RX 100 STD
250,Yamaha FZ16
251,Bajaj Pulsar 150cc Dtsi
252,Bajaj Pulsar 150cc Dtsi
253,Bajaj Pulsar 180cc Dtsi
254,Bajaj Avenger 220
255,Bajaj Pulsar 220F Dtsi
256,Bajaj Pulsar 135
257,Bajaj Pulsar 180cc Dtsi
258,Bajaj Avenger 180
259,Bajaj Pulsar 150cc Dtsi
260,Bajaj Discover 100
261,Bajaj Pulsar 150cc Dtsi
262,Bajaj Platina 100 Alloy Wheel KS
263,Bajaj Xcd Exceed 125cc Dtssi
264,Bajaj Pulsar 150cc Dtsi
265,Bajaj Pulsar 150cc Dtsi
266,Bajaj Pulsar 180cc Dtsi
267,Bajaj Pulsar 180cc Dtsi
268,Bajaj Pulsar 150cc Dtsi
269,Hero Honda Splendor Plus
270,Hero Honda Passion Pro
271,Hero Honda Splendor Nxg
272,Hero Honda Splendor Plus
273,Hero Honda Passion Pro
274,Hero Honda Splendor Plus
275,Hero Honda Passion Pro
276,Hero Honda Karizma R
277,Honda Activa i STD
278,Bajaj Discover 125 M Drum
279,Bajaj Pulsar 150cc Dtsi
280,Bajaj Discover 100
281,Bajaj Pulsar 135
282,Bajaj Platina 100 Alloy Wheel KS
283,Bajaj Pulsar 150cc Dtsi
284,Bajaj Pulsar 150cc Dtsi
285,Bajaj Avenger 220
286,Bajaj Pulsar 200 NS
287,Bajaj Discover 125 M Drum
288,Bajaj Avenger 220
289,Bajaj Pulsar 220F Dtsi
290,Bajaj Pulsar 150cc Dtsi
291,Bajaj Pulsar 180cc Dtsi
292,Bajaj Pulsar 150cc Dtsi
293,Hero Honda Hunk
294,Bajaj Pulsar 150cc Dtsi
295,Honda Stunner CBF Self Disc Alloy
296,Hero Honda Glamour
297,Hero Honda Glamour
298,Hero Honda Karizma Zmr Pgm Fi
299,Honda Unicorn Alloy
300,Honda Unicorn Alloy
301,Hero Motocorp Splendor Pro Self Alloy
302,Suzuki Fiero STD
303,Royal Enfield Bullet 350 Twinspark
304,Royal Enfield Thunderbird 350
305,Hyosung Gt 250r
306,TVS Apache RTR 160
307,TVS Apache RTR 160
308,Yamaha RX 135 STD
309,Yamaha FZ16
310,TVS Victor 2015
311,Yamaha Fz 1 1000
312,TVS Star City Plus Electric Start Mag
313,Yamaha YZF R15 Version 2.0
314,Yamaha RX 135 STD
315,TVS XL Super HD 2 Stroke
316,Bajaj Avenger 220
317,Bajaj Pulsar 150cc Dtsi
318,Bajaj Avenger 220
319,Bajaj Pulsar 150cc Dtsi
320,Bajaj Pulsar 220F Dtsi
321,Hero Honda Karizma R
322,Hero Honda Karizma R
323,Honda Unicorn Alloy
324,Honda CB Unicorn 160 Cbs
325,Royal Enfield Bullet 350 Twinspark
326,Royal Enfield Bullet Electra Twinspark
327,KTM RC 200
328,Bajaj Caliber 115
329,Yamaha RX 100 STD
330,Yamaha FZ16
331,Yamaha Crux
332,Bajaj Pulsar 220F Dtsi
333,Bajaj Discover 125 M Drum
334,Bajaj Pulsar 150cc Dtsi
335,Bajaj Pulsar 150cc Dtsi
336,Bajaj Avenger 220
337,Bajaj Pulsar 220F Dtsi
338,Bajaj Pulsar 150cc Dtsi
339,Bajaj Pulsar 150cc Dtsi
340,Bajaj Avenger 220
341,Bajaj Pulsar 200 NS
342,Bajaj Pulsar 180cc Dtsi
343,Bajaj Pulsar 180cc Dtsi
344,Bajaj Discover 100
345,Bajaj Pulsar 150cc Dtsi
346,Bajaj Pulsar 150cc Dtsi
347,Bajaj Discover 125 STD
348,Bajaj Discover 125 M Drum
349,Bajaj Discover 100
350,Bajaj Pulsar 150cc Dtsi
351,Bajaj Platina 100 Spoke Wheel
352,Bajaj Pulsar 150cc Dtsi
353,Hero Honda Karizma R
354,Hero Honda Splendor Pro
355,Hero Honda Splendor Plus
356,Hero Honda Hunk
357,Hero Honda Passion Plus
358,Hero Motocorp Karizma R
359,Hero Honda Hunk
360,Hero Honda Cbz Xtreme Kick Start
361,Honda CB Dazzler Sports
362,Royal Enfield Bullet 350 Twinspark
363,Honda CBR 150R Deluxe
364,Royal Enfield Bullet Electra Twinspark
365,Kawasaki Ninja 650
366,Honda Stunner CBF Self Disc Alloy
367,Bajaj Pulsar 150cc Dtsi
368,Hero Honda Achiever
369,Bajaj Pulsar 150cc Dtsi
370,Bajaj Pulsar 220F Dtsi
371,Hero Honda Karizma R
372,Hero Honda Karizma R
373,Bajaj Discover 150 S Disc
374,KTM Duke 390
375,Yamaha FZ16
376,Yamaha Fazer Sport
377,Hero Honda Karizma R
378,Bajaj Discover 100
379,TVS Apache RTR 180
380,Hero Honda Karizma Zmr Pgm Fi
381,Yamaha Fazer Sport
382,Yamaha Enticer 125
383,Honda CBR 150R Standard
384,Bajaj CT 100 Alloy
385,Hero Honda CBZ Disc
386,Royal Enfield Classic 350
387,TVS Apache RTR 160
388,Bajaj Discover 150 F Standard
389,Yamaha YZF R15 Version 2.0
390,Bajaj Pulsar 180cc Dtsi
391,Yamaha FZS FI Version 2.0
392,Royal Enfield Bullet Machismo
393,Hero Motocorp Passion Xpro Disc Self Cast
394,Honda CB Twister Self Drum Alloy
395,Bajaj Pulsar 150cc Dtsi
396,Bajaj Avenger 220
397,Bajaj Pulsar 150cc Dtsi
398,Bajaj Pulsar 220F Dtsi
399,Bajaj Pulsar 150cc Dtsi
400,Hero Honda Cd Deluxe
401,Yamaha YZF R15 Version 2.0
402,Bajaj Pulsar 150cc Dtsi
403,Honda Dream Neo Self Drum Alloy
404,Honda Unicorn Alloy
405,Bajaj Avenger 220
406,Suzuki Access 125cc
407,Yamaha Fazer Sport
408,Yamaha FZS FI Version 2.0
409,Yamaha SZ S
410,Yamaha YZF R15 Version 2.0
411,Yamaha FZ S
412,Yamaha YZF R15 Version 2.0
413,Royal Enfield Classic 350
414,KTM RC 200
415,Royal Enfield Classic 350
416,Suzuki Gs150r
417,Honda Shine Self Disc Alloy
418,Honda Unicorn Alloy
419,Bajaj Pulsar 220F Dtsi
420,Bajaj Pulsar 180cc Dtsi
421,Bajaj Pulsar 220F Dtsi
422,Bajaj Discover 125 St
423,Bajaj Pulsar 150cc Dtsi
424,Bajaj Discover 150 F Disc
425,Bajaj Pulsar 150cc Dtsi
426,Bajaj Discover 125 T Drum
427,Bajaj Pulsar 180cc Dtsi
428,Yamaha YZF R15 Version 2.0
429,Yamaha YZF R15 Version 2.0
430,Yamaha YZF R15
431,Yamaha YZF R15
432,TVS Apache RTR 180
433,TVS Apache RTR 160
434,TVS Flame DS 125
435,Royal Enfield Thunderbird 350
436,TVS Apache RTR 180
437,Royal Enfield Bullet Electra Twinspark
438,Royal Enfield Bullet 500
439,Yamaha YZF R15 Version 2.0
440,Hero Honda Cbz Xtreme Self Start
441,Honda CBR 250R ABS
442,Honda Unicorn Alloy
443,Hero Honda Karizma R
444,Hero Honda Karizma Zmr Pgm Fi
445,Honda CB Twister Self Drum Alloy
446,KTM RC 390
447,Bajaj Pulsar 135
448,Suzuki Fiero STD
449,Suzuki Gixxer SF Standard
450,Honda Unicorn Alloy
451,Royal Enfield Continental Gt 535
452,Honda Shine Self Disc Alloy
453,Bajaj Pulsar 150cc Dtsi
454,Hero Honda Passion Pro
455,Hero Honda Splendor Super
456,Bajaj Pulsar 135
457,Suzuki Slingshot 125
458,Hero Honda Passion Plus
459,KTM Duke 200
460,Bajaj Pulsar 180cc Dtsi
461,Hero Honda Karizma R
462,Bajaj Pulsar 150cc Dtsi
463,Royal Enfield Bullet Electra Twinspark
464,TVS Victor 2015
465,Yamaha YZF R15 Version 2.0
466,Bajaj Pulsar 150cc Dtsi
467,Yamaha FZ16
468,Bajaj Avenger 220
469,Bajaj Pulsar 150cc Dtsi
470,Hero Motocorp Ignitor 125 Disc
471,Honda Unicorn Alloy
472,Yamaha FZ S
473,Bajaj Discover 150 F Disc
474,Hyosung Gt 250r
475,Bajaj Discover 100
476,Honda Stunner CBF Self Disc Alloy
477,Yamaha FZ16
478,Bajaj Discover 125 St
479,Hero Honda Passion Pro
480,Hero Honda Hunk
481,Royal Enfield Bullet 350 Twinspark
482,Hero Honda CBZ Disc
483,Bajaj Pulsar 180cc Dtsi
484,Hero Honda Karizma Zmr Pgm Fi
485,Bajaj Avenger 220
486,Bajaj Pulsar RS 200 Standard
487,Yamaha Sz R
488,Hero Motocorp Xtreme Sports Single Disc
489,TVS Apache RTR 160
490,Bajaj Avenger 220
491,Yamaha YZF R15 Version 2.0
492,Royal Enfield Classic 500
493,Royal Enfield Thunderbird 350
494,Royal Enfield Classic Chrome
495,Bajaj Pulsar 220F Dtsi
496,Yamaha RX 135 STD
497,Hero Honda Karizma Zmr Pgm Fi
498,TVS Apache 2007-2011 RTR 160
499,Bajaj Discover 150 S Disc